round,week,day,date,time,home_team,home_xg,score,away_xg,away_team,attendance,venue,referee,match_report,notes,game_id
Group stage,1,Tue,2019-09-17,21:00,Ajax,1.5,3–0,2.0,Lille,51441,Johan Cruyff ArenA,Srđan Jovanović,/en/matches/602b7cb7/Ajax-Lille-September-17-2019-Champions-League,,602b7cb7
Group stage,1,Tue,2019-09-17,20:00,Benfica,1.8,1–2,1.0,RB Leipzig,46460,Estádio do Sport Lisboa e Benfica,Tasos Sidiropoulos,/en/matches/f871df3b/Benfica-RB-Leipzig-September-17-2019-Champions-League,,f871df3b
Group stage,1,Tue,2019-09-17,20:00,Chelsea,2.8,0–1,1.0,Valencia,39469,Stamford Bridge,Cüneyt Çakιr,/en/matches/8c3140a0/Chelsea-Valencia-September-17-2019-Champions-League,,8c3140a0
Group stage,1,Tue,2019-09-17,21:00,Dortmund,3.4,0–0,0.4,Barcelona,66099,Signal Iduna Park,Ovidiu Hațegan,/en/matches/15996455/Dortmund-Barcelona-September-17-2019-Champions-League,,15996455
Group stage,1,Tue,2019-09-17,18:55,Inter,1.4,1–1,1.0,Slavia Prague,50128,Stadio Giuseppe Meazza,Ruddy Buquet,/en/matches/b56e2c3b/Internazionale-Slavia-Prague-September-17-2019-Champions-League,,b56e2c3b
Group stage,1,Tue,2019-09-17,18:55,Lyon,1.6,1–1,1.0,Zenit,47201,Groupama Stadium,Michael Oliver,/en/matches/7f6a5ede/Lyon-Zenit-September-17-2019-Champions-League,,7f6a5ede
Group stage,1,Tue,2019-09-17,21:00,Napoli,1.8,2–0,0.7,Liverpool,38878,Stadio San Paolo,Felix Brych,/en/matches/83579d2e/Napoli-Liverpool-September-17-2019-Champions-League,,83579d2e
Group stage,1,Tue,2019-09-17,21:00,RB Salzburg,4.3,6–2,0.7,Genk,29520,Red Bull Arena,Felix Zwayer,/en/matches/5b62cee4/Red-Bull-Salzburg-Genk-September-17-2019-Champions-League,,5b62cee4
Group stage,1,Wed,2019-09-18,21:00,Atlético Madrid,2.3,2–2,1.1,Juventus,66283,Estadio Wanda Metropolitano,Danny Makkelie,/en/matches/0fb39d2a/Atletico-Madrid-Juventus-September-18-2019-Champions-League,,0fb39d2a
Group stage,1,Wed,2019-09-18,21:00,Bayern Munich,4.3,3–0,0.3,Red Star,70000,Allianz Arena,Bobby Madden,/en/matches/82b3f914/Bayern-Munich-Red-Star-September-18-2019-Champions-League,,82b3f914
Group stage,1,Wed,2019-09-18,18:55,Club Brugge,1.7,0–0,0.6,Galatasaray,26616,Jan Breydelstadion,Slavko Vinčič,/en/matches/7b5b1e42/Club-Brugge-Galatasaray-September-18-2019-Champions-League,,7b5b1e42
Group stage,1,Wed,2019-09-18,21:00,Dinamo Zagreb,2.7,4–0,1.8,Atalanta,28863,Stadion Maksimir,Jesús Gil,/en/matches/940279a1/Dinamo-Zagreb-Atalanta-September-18-2019-Champions-League,,940279a1
Group stage,1,Wed,2019-09-18,21:00,Leverkusen,1.5,1–2,0.9,Loko Moscow,26592,BayArena,Paweł Raczkowski,/en/matches/d1dd1dea/Bayer-Leverkusen-Lokomotiv-Moscow-September-18-2019-Champions-League,,d1dd1dea
Group stage,1,Wed,2019-09-18,19:55,Olympiacos,1.7,2–2,1.7,Tottenham,31001,Stadio Georgios Karaiskáki,Gianluca Rocchi,/en/matches/a6045d6f/Olympiacos-Tottenham-Hotspur-September-18-2019-Champions-League,,a6045d6f
Group stage,1,Wed,2019-09-18,21:00,Paris S-G,1.7,3–0,0.6,Real Madrid,46361,Parc des Princes,Anthony Taylor,/en/matches/29e6ad42/Paris-Saint-Germain-Real-Madrid-September-18-2019-Champions-League,,29e6ad42
Group stage,1,Wed,2019-09-18,22:00,Shakhtar,0.9,0–3,2.5,Manchester City,36675,Oblasny SportKomplex Metalist,Artur Soares Dias,/en/matches/dfe33af5/Shakhtar-Donetsk-Manchester-City-September-18-2019-Champions-League,,dfe33af5
Group stage,2,Tue,2019-10-01,18:55,Atalanta,2.5,1–2,1.5,Shakhtar,26022,Stadio Giuseppe Meazza,Tobias Stieler,/en/matches/8932de20/Atalanta-Shakhtar-Donetsk-October-1-2019-Champions-League,,8932de20
Group stage,2,Tue,2019-10-01,22:00,Galatasaray,0.5,0–1,2.6,Paris S-G,46532,Türk Telekom Arena,Szymon Marciniak,/en/matches/b53a6f14/Galatasaray-Paris-Saint-Germain-October-1-2019-Champions-League,,b53a6f14
Group stage,2,Tue,2019-10-01,21:00,Juventus,1.2,3–0,0.5,Leverkusen,34525,Allianz Stadium,William Collum,/en/matches/65d33c61/Juventus-Bayer-Leverkusen-October-1-2019-Champions-League,,65d33c61
Group stage,2,Tue,2019-10-01,22:00,Loko Moscow,1.1,0–2,2.9,Atlético Madrid,27051,RZD Arena,Orel Grinfeeld,/en/matches/22e9e396/Lokomotiv-Moscow-Atletico-Madrid-October-1-2019-Champions-League,,22e9e396
Group stage,2,Tue,2019-10-01,20:00,Manchester City,3.6,2–0,0.1,Dinamo Zagreb,49046,Etihad Stadium,Serdar Gözübüyük,/en/matches/0c3534e0/Manchester-City-Dinamo-Zagreb-October-1-2019-Champions-League,,0c3534e0
Group stage,2,Tue,2019-10-01,18:55,Real Madrid,2.3,2–2,1.4,Club Brugge,65112,Estadio Santiago Bernabéu,Georgi Kabakov,/en/matches/ab9819b4/Real-Madrid-Club-Brugge-October-1-2019-Champions-League,,ab9819b4
Group stage,2,Tue,2019-10-01,21:00,Red Star,1.3,3–1,0.9,Olympiacos,43291,Stadion Rajko Mitić,Benoît Bastien,/en/matches/d43971e3/Red-Star-Olympiacos-October-1-2019-Champions-League,,d43971e3
Group stage,2,Tue,2019-10-01,20:00,Tottenham,1.9,2–7,1.3,Bayern Munich,60127,Tottenham Hotspur Stadium,Clément Turpin,/en/matches/ff840ac5/Tottenham-Hotspur-Bayern-Munich-October-1-2019-Champions-League,,ff840ac5
Group stage,2,Wed,2019-10-02,21:00,Barcelona,1.5,2–1,1.1,Inter,86141,Camp Nou,Damir Skomina,/en/matches/3186a3c6/Barcelona-Internazionale-October-2-2019-Champions-League,,3186a3c6
Group stage,2,Wed,2019-10-02,18:55,Genk,0.7,0–0,3.2,Napoli,19962,Luminus Arena,István Kovács,/en/matches/dc832bb3/Genk-Napoli-October-2-2019-Champions-League,,dc832bb3
Group stage,2,Wed,2019-10-02,21:00,Lille,0.6,1–2,1.4,Chelsea,48523,Stade Pierre-Mauroy,Aliaksei Kulbakou,/en/matches/e95c1aa2/Lille-Chelsea-October-2-2019-Champions-League,,e95c1aa2
Group stage,2,Wed,2019-10-02,20:00,Liverpool,2.5,4–3,1.6,RB Salzburg,52243,Anfield,Andreas Ekberg,/en/matches/ca11ab0f/Liverpool-Red-Bull-Salzburg-October-2-2019-Champions-League,,ca11ab0f
Group stage,2,Wed,2019-10-02,21:00,RB Leipzig,1.9,0–2,1.5,Lyon,40194,Red Bull Arena,Antonio Matéu Lahoz,/en/matches/dc85ee46/RB-Leipzig-Lyon-October-2-2019-Champions-League,,dc85ee46
Group stage,2,Wed,2019-10-02,18:55,Slavia Prague,1.4,0–2,0.8,Dortmund,19370,Sinobo Stadium,Björn Kuipers,/en/matches/dd362c79/Slavia-Prague-Dortmund-October-2-2019-Champions-League,,dd362c79
Group stage,2,Wed,2019-10-02,21:00,Valencia,2.0,0–3,1.7,Ajax,44659,Estadio de Mestalla,Daniele Orsato,/en/matches/f5105c79/Valencia-Ajax-October-2-2019-Champions-League,,f5105c79
Group stage,2,Wed,2019-10-02,22:00,Zenit,2.1,3–1,1.2,Benfica,51683,Gazprom Arena,Carlos del Cerro,/en/matches/547eaeda/Zenit-Benfica-October-2-2019-Champions-League,,547eaeda
Group stage,3,Tue,2019-10-22,18:55,Atlético Madrid,0.8,1–0,0.5,Leverkusen,56776,Estadio Wanda Metropolitano,Artur Soares Dias,/en/matches/b2172c27/Atletico-Madrid-Bayer-Leverkusen-October-22-2019-Champions-League,,b2172c27
Group stage,3,Tue,2019-10-22,21:00,Club Brugge,0.3,0–5,3.5,Paris S-G,26946,Jan Breydelstadion,Daniel Siebert,/en/matches/46267369/Club-Brugge-Paris-Saint-Germain-October-22-2019-Champions-League,,46267369
Group stage,3,Tue,2019-10-22,22:00,Galatasaray,1.2,0–1,2.4,Real Madrid,48886,Türk Telekom Arena,Daniele Orsato,/en/matches/4caaf45c/Galatasaray-Real-Madrid-October-22-2019-Champions-League,,4caaf45c
Group stage,3,Tue,2019-10-22,21:00,Juventus,2.4,2–1,0.7,Loko Moscow,38547,Allianz Stadium,Tasos Sidiropoulos,/en/matches/a3137d22/Juventus-Lokomotiv-Moscow-October-22-2019-Champions-League,,a3137d22
Group stage,3,Tue,2019-10-22,20:00,Manchester City,4.2,5–1,1.8,Atalanta,49308,Etihad Stadium,Orel Grinfeeld,/en/matches/a84fbb10/Manchester-City-Atalanta-October-22-2019-Champions-League,,a84fbb10
Group stage,3,Tue,2019-10-22,22:00,Olympiacos,0.5,2–3,2.6,Bayern Munich,31670,Stadio Georgios Karaiskáki,Danny Makkelie,/en/matches/14139171/Olympiacos-Bayern-Munich-October-22-2019-Champions-League,,14139171
Group stage,3,Tue,2019-10-22,19:55,Shakhtar,1.5,2–2,2.1,Dinamo Zagreb,21526,Oblasny SportKomplex Metalist,Antonio Matéu Lahoz,/en/matches/f24b9cb9/Shakhtar-Donetsk-Dinamo-Zagreb-October-22-2019-Champions-League,,f24b9cb9
Group stage,3,Tue,2019-10-22,20:00,Tottenham,3.7,5–0,0.6,Red Star,51743,Tottenham Hotspur Stadium,Marco Guida,/en/matches/0b56c2fe/Tottenham-Hotspur-Red-Star-October-22-2019-Champions-League,,0b56c2fe
Group stage,3,Wed,2019-10-23,18:55,Ajax,0.5,0–1,1.6,Chelsea,52482,Johan Cruyff ArenA,Ovidiu Hațegan,/en/matches/b2a13253/Ajax-Chelsea-October-23-2019-Champions-League,,b2a13253
Group stage,3,Wed,2019-10-23,20:00,Benfica,0.5,2–1,1.5,Lyon,53035,Estádio do Sport Lisboa e Benfica,Ivan Kružliak,/en/matches/dd024c20/Benfica-Lyon-October-23-2019-Champions-League,,dd024c20
Group stage,3,Wed,2019-10-23,21:00,Genk,1.3,1–4,2.5,Liverpool,19626,Luminus Arena,Slavko Vinčič,/en/matches/aab4f0b8/Genk-Liverpool-October-23-2019-Champions-League,,aab4f0b8
Group stage,3,Wed,2019-10-23,21:00,Inter,2.1,2–0,0.4,Dortmund,65673,Stadio Giuseppe Meazza,Anthony Taylor,/en/matches/47102914/Internazionale-Dortmund-October-23-2019-Champions-League,,47102914
Group stage,3,Wed,2019-10-23,21:00,Lille,1.9,1–1,0.6,Valencia,47488,Stade Pierre-Mauroy,Deniz Aytekin,/en/matches/6e41ea0a/Lille-Valencia-October-23-2019-Champions-League,,6e41ea0a
Group stage,3,Wed,2019-10-23,18:55,RB Leipzig,2.2,2–1,0.7,Zenit,41058,Red Bull Arena,Ali Palabıyık,/en/matches/59b7cadf/RB-Leipzig-Zenit-October-23-2019-Champions-League,,59b7cadf
Group stage,3,Wed,2019-10-23,21:00,RB Salzburg,2.7,2–3,0.9,Napoli,29520,Red Bull Arena,Clément Turpin,/en/matches/478a76b0/Red-Bull-Salzburg-Napoli-October-23-2019-Champions-League,,478a76b0
Group stage,3,Wed,2019-10-23,21:00,Slavia Prague,1.5,1–2,2.5,Barcelona,19170,Sinobo Stadium,Bobby Madden,/en/matches/f607d251/Slavia-Prague-Barcelona-October-23-2019-Champions-League,,f607d251
Group stage,4,Tue,2019-11-05,18:55,Barcelona,2.3,0–0,0.3,Slavia Prague,67023,Camp Nou,Michael Oliver,/en/matches/a74f55b9/Barcelona-Slavia-Prague-November-5-2019-Champions-League,,a74f55b9
Group stage,4,Tue,2019-11-05,20:00,Chelsea,4.8,4–4,1.0,Ajax,39132,Stamford Bridge,Gianluca Rocchi,/en/matches/d7ba36ab/Chelsea-Ajax-November-5-2019-Champions-League,,d7ba36ab
Group stage,4,Tue,2019-11-05,21:00,Dortmund,3.5,3–2,1.4,Inter,66099,Signal Iduna Park,Danny Makkelie,/en/matches/c95e9254/Dortmund-Internazionale-November-5-2019-Champions-League,,c95e9254
Group stage,4,Tue,2019-11-05,20:00,Liverpool,2.3,2–1,0.7,Genk,52611,Anfield,Ivan Kružliak,/en/matches/1deef029/Liverpool-Genk-November-5-2019-Champions-League,,1deef029
Group stage,4,Tue,2019-11-05,21:00,Lyon,1.4,3–1,1.3,Benfica,51077,Groupama Stadium,Björn Kuipers,/en/matches/e4026cb3/Lyon-Benfica-November-5-2019-Champions-League,,e4026cb3
Group stage,4,Tue,2019-11-05,21:00,Napoli,2.7,1–1,1.5,RB Salzburg,32862,Stadio San Paolo,Szymon Marciniak,/en/matches/4d3be156/Napoli-Red-Bull-Salzburg-November-5-2019-Champions-League,,4d3be156
Group stage,4,Tue,2019-11-05,21:00,Valencia,2.3,4–1,1.5,Lille,38252,Estadio de Mestalla,Sergey Karasev,/en/matches/414303e4/Valencia-Lille-November-5-2019-Champions-League,,414303e4
Group stage,4,Tue,2019-11-05,20:55,Zenit,1.2,0–2,1.4,RB Leipzig,50452,Gazprom Arena,Orel Grinfeeld,/en/matches/0e919793/Zenit-RB-Leipzig-November-5-2019-Champions-League,,0e919793
Group stage,4,Wed,2019-11-06,21:00,Atalanta,0.7,1–1,2.0,Manchester City,34326,Stadio Giuseppe Meazza,Aliaksei Kulbakou,/en/matches/26e8c7ea/Atalanta-Manchester-City-November-6-2019-Champions-League,,26e8c7ea
Group stage,4,Wed,2019-11-06,18:55,Bayern Munich,3.3,2–0,0.2,Olympiacos,63646,Allianz Arena,Paweł Raczkowski,/en/matches/2b7529c6/Bayern-Munich-Olympiacos-November-6-2019-Champions-League,,2b7529c6
Group stage,4,Wed,2019-11-06,21:00,Dinamo Zagreb,2.0,3–3,2.7,Shakhtar,28316,Stadion Maksimir,Felix Brych,/en/matches/ff5fca3c/Dinamo-Zagreb-Shakhtar-Donetsk-November-6-2019-Champions-League,,ff5fca3c
Group stage,4,Wed,2019-11-06,21:00,Leverkusen,1.3,2–1,2.0,Atlético Madrid,28160,BayArena,Damir Skomina,/en/matches/63b80629/Bayer-Leverkusen-Atletico-Madrid-November-6-2019-Champions-League,,63b80629
Group stage,4,Wed,2019-11-06,20:55,Loko Moscow,2.4,1–2,2.4,Juventus,26862,RZD Arena,Ruddy Buquet,/en/matches/04cd46dd/Lokomotiv-Moscow-Juventus-November-6-2019-Champions-League,,04cd46dd
Group stage,4,Wed,2019-11-06,21:00,Paris S-G,1.9,1–0,1.8,Club Brugge,47418,Parc des Princes,Bobby Madden,/en/matches/debfbd92/Paris-Saint-Germain-Club-Brugge-November-6-2019-Champions-League,,debfbd92
Group stage,4,Wed,2019-11-06,21:00,Real Madrid,4.2,6–0,0.6,Galatasaray,65492,Estadio Santiago Bernabéu,Felix Zwayer,/en/matches/e0f6dac6/Real-Madrid-Galatasaray-November-6-2019-Champions-League,,e0f6dac6
Group stage,4,Wed,2019-11-06,21:00,Red Star,0.5,0–4,2.5,Tottenham,42381,Stadion Rajko Mitić,Carlos del Cerro,/en/matches/fb273c61/Red-Star-Tottenham-Hotspur-November-6-2019-Champions-League,,fb273c61
Group stage,5,Tue,2019-11-26,21:00,Atalanta,3.0,2–0,0.3,Dinamo Zagreb,26496,Stadio Giuseppe Meazza,Sergey Karasev,/en/matches/ba070a43/Atalanta-Dinamo-Zagreb-November-26-2019-Champions-League,,ba070a43
Group stage,5,Tue,2019-11-26,20:55,Galatasaray,0.9,1–1,1.1,Club Brugge,34500,Türk Telekom Arena,Ivan Kružliak,/en/matches/59e055cf/Galatasaray-Club-Brugge-November-26-2019-Champions-League,,59e055cf
Group stage,5,Tue,2019-11-26,21:00,Juventus,0.4,1–0,0.7,Atlético Madrid,40486,Allianz Stadium,Anthony Taylor,/en/matches/b7f44785/Juventus-Atletico-Madrid-November-26-2019-Champions-League,,b7f44785
Group stage,5,Tue,2019-11-26,20:55,Loko Moscow,1.0,0–2,0.7,Leverkusen,25757,RZD Arena,Michael Oliver,/en/matches/aa2baa23/Lokomotiv-Moscow-Bayer-Leverkusen-November-26-2019-Champions-League,,aa2baa23
Group stage,5,Tue,2019-11-26,20:00,Manchester City,1.2,1–1,1.0,Shakhtar,52020,Etihad Stadium,Slavko Vinčič,/en/matches/0a820d21/Manchester-City-Shakhtar-Donetsk-November-26-2019-Champions-League,,0a820d21
Group stage,5,Tue,2019-11-26,21:00,Real Madrid,3.9,2–2,2.4,Paris S-G,75534,Estadio Santiago Bernabéu,Artur Soares Dias,/en/matches/3b7b3da3/Real-Madrid-Paris-Saint-Germain-November-26-2019-Champions-League,,3b7b3da3
Group stage,5,Tue,2019-11-26,21:00,Red Star,0.2,0–6,4.9,Bayern Munich,44118,Stadion Rajko Mitić,Björn Kuipers,/en/matches/aa5af642/Red-Star-Bayern-Munich-November-26-2019-Champions-League,,aa5af642
Group stage,5,Tue,2019-11-26,20:00,Tottenham,2.2,4–2,1.2,Olympiacos,57024,Tottenham Hotspur Stadium,Georgi Kabakov,/en/matches/e3e9dc28/Tottenham-Hotspur-Olympiacos-November-26-2019-Champions-League,,e3e9dc28
Group stage,5,Wed,2019-11-27,21:00,Barcelona,2.4,3–1,1.6,Dortmund,90071,Camp Nou,Clément Turpin,/en/matches/c4a74eef/Barcelona-Dortmund-November-27-2019-Champions-League,,c4a74eef
Group stage,5,Wed,2019-11-27,21:00,Genk,1.6,1–4,3.0,RB Salzburg,17284,Luminus Arena,Mattias Gestranius,/en/matches/3e91fa3a/Genk-Red-Bull-Salzburg-November-27-2019-Champions-League,,3e91fa3a
Group stage,5,Wed,2019-11-27,21:00,Lille,2.4,0–2,1.6,Ajax,48612,Stade Pierre-Mauroy,Felix Brych,/en/matches/8068b981/Lille-Ajax-November-27-2019-Champions-League,,8068b981
Group stage,5,Wed,2019-11-27,20:00,Liverpool,0.8,1–1,0.5,Napoli,52128,Anfield,Carlos del Cerro,/en/matches/9e30ef9d/Liverpool-Napoli-November-27-2019-Champions-League,,9e30ef9d
Group stage,5,Wed,2019-11-27,21:00,RB Leipzig,3.2,2–2,0.9,Benfica,38339,Red Bull Arena,Jesús Gil,/en/matches/82fb0118/RB-Leipzig-Benfica-November-27-2019-Champions-League,,82fb0118
Group stage,5,Wed,2019-11-27,21:00,Slavia Prague,2.4,1–3,2.3,Inter,19370,Sinobo Stadium,Szymon Marciniak,/en/matches/1b41b2d2/Slavia-Prague-Internazionale-November-27-2019-Champions-League,,1b41b2d2
Group stage,5,Wed,2019-11-27,18:55,Valencia,3.1,2–2,2.1,Chelsea,43486,Estadio de Mestalla,Felix Zwayer,/en/matches/0cec9d94/Valencia-Chelsea-November-27-2019-Champions-League,,0cec9d94
Group stage,5,Wed,2019-11-27,20:55,Zenit,0.9,2–0,0.6,Lyon,51183,Gazprom Arena,Daniele Orsato,/en/matches/161d4fd2/Zenit-Lyon-November-27-2019-Champions-League,,161d4fd2
Group stage,6,Tue,2019-12-10,21:00,Ajax,1.2,0–1,1.1,Valencia,51931,Johan Cruyff ArenA,Clément Turpin,/en/matches/6b0c0478/Ajax-Valencia-December-10-2019-Champions-League,,6b0c0478
Group stage,6,Tue,2019-12-10,20:00,Benfica,2.4,3–0,0.1,Zenit,40232,Estádio do Sport Lisboa e Benfica,Antonio Matéu Lahoz,/en/matches/a95f7f5f/Benfica-Zenit-December-10-2019-Champions-League,,a95f7f5f
Group stage,6,Tue,2019-12-10,20:00,Chelsea,2.7,2–1,0.3,Lille,40016,Stamford Bridge,Anastasios Sidiropoulos,/en/matches/d931b181/Chelsea-Lille-December-10-2019-Champions-League,,d931b181
Group stage,6,Tue,2019-12-10,21:00,Dortmund,2.9,2–1,2.8,Slavia Prague,65079,Signal Iduna Park,Sergey Karasev,/en/matches/f70ecf86/Dortmund-Slavia-Prague-December-10-2019-Champions-League,,f70ecf86
Group stage,6,Tue,2019-12-10,21:00,Inter,1.7,1–2,1.5,Barcelona,71818,Stadio Giuseppe Meazza,Björn Kuipers,/en/matches/0f8b7424/Internazionale-Barcelona-December-10-2019-Champions-League,,0f8b7424
Group stage,6,Tue,2019-12-10,21:00,Lyon,1.1,2–2,3.4,RB Leipzig,53288,Groupama Stadium,Anthony Taylor,/en/matches/2b66a586/Lyon-RB-Leipzig-December-10-2019-Champions-League,,2b66a586
Group stage,6,Tue,2019-12-10,18:55,Napoli,3.0,4–0,1.8,Genk,22265,Stadio San Paolo,Cüneyt Çakιr,/en/matches/3ab4f49e/Napoli-Genk-December-10-2019-Champions-League,,3ab4f49e
Group stage,6,Tue,2019-12-10,18:55,RB Salzburg,0.7,0–2,3.4,Liverpool,29520,Red Bull Arena,Danny Makkelie,/en/matches/714da51b/Red-Bull-Salzburg-Liverpool-December-10-2019-Champions-League,,714da51b
Group stage,6,Wed,2019-12-11,21:00,Atlético Madrid,3.2,2–0,0.1,Loko Moscow,58426,Estadio Wanda Metropolitano,Viktor Kassai,/en/matches/65b9266f/Atletico-Madrid-Lokomotiv-Moscow-December-11-2019-Champions-League,,65b9266f
Group stage,6,Wed,2019-12-11,21:00,Bayern Munich,2.9,3–1,1.0,Tottenham,66353,Allianz Arena,Gianluca Rocchi,/en/matches/44702c8f/Bayern-Munich-Tottenham-Hotspur-December-11-2019-Champions-League,,44702c8f
Group stage,6,Wed,2019-12-11,21:00,Club Brugge,1.0,1–3,1.2,Real Madrid,27308,Jan Breydelstadion,Tobias Stieler,/en/matches/a3e85342/Club-Brugge-Real-Madrid-December-11-2019-Champions-League,,a3e85342
Group stage,6,Wed,2019-12-11,18:55,Dinamo Zagreb,0.4,1–4,3.6,Manchester City,29385,Stadion Maksimir,Carlos del Cerro,/en/matches/06664f7a/Dinamo-Zagreb-Manchester-City-December-11-2019-Champions-League,,06664f7a
Group stage,6,Wed,2019-12-11,21:00,Leverkusen,2.2,0–2,0.9,Juventus,29542,BayArena,Benoît Bastien,/en/matches/6d67e2b9/Bayer-Leverkusen-Juventus-December-11-2019-Champions-League,,6d67e2b9
Group stage,6,Wed,2019-12-11,22:00,Olympiacos,3.5,1–0,1.2,Red Star,31898,Stadio Georgios Karaiskáki,Daniele Orsato,/en/matches/14431b33/Olympiacos-Red-Star-December-11-2019-Champions-League,,14431b33
Group stage,6,Wed,2019-12-11,21:00,Paris S-G,4.4,5–0,0.3,Galatasaray,46509,Parc des Princes,István Kovács,/en/matches/1a1b90f1/Paris-Saint-Germain-Galatasaray-December-11-2019-Champions-League,,1a1b90f1
Group stage,6,Wed,2019-12-11,19:55,Shakhtar,0.6,0–3,2.9,Atalanta,26536,Oblasny SportKomplex Metalist,Felix Zwayer,/en/matches/8d0f93aa/Shakhtar-Donetsk-Atalanta-December-11-2019-Champions-League,,8d0f93aa
Round of 16,,Tue,2020-02-18,21:00,Atlético Madrid,1.2,1–0,0.5,Liverpool,67443,Estadio Wanda Metropolitano,Szymon Marciniak,/en/matches/f9a22073/Atletico-Madrid-Liverpool-February-18-2020-Champions-League,Leg 1 of 2,f9a22073
Round of 16,,Tue,2020-02-18,21:00,Dortmund,1.3,2–1,1.5,Paris S-G,66099,Signal Iduna Park,Antonio Matéu Lahoz,/en/matches/f778e3b0/Dortmund-Paris-Saint-Germain-February-18-2020-Champions-League,Leg 1 of 2,f778e3b0
Round of 16,,Wed,2020-02-19,21:00,Atalanta,1.8,4–1,2.5,Valencia,44236,Stadio Giuseppe Meazza,Michael Oliver,/en/matches/85ee0243/Atalanta-Valencia-February-19-2020-Champions-League,Leg 1 of 2,85ee0243
Round of 16,,Wed,2020-02-19,20:00,Tottenham,1.1,0–1,2.1,RB Leipzig,60095,Tottenham Hotspur Stadium,Cüneyt Çakιr,/en/matches/a9417ce9/Tottenham-Hotspur-RB-Leipzig-February-19-2020-Champions-League,Leg 1 of 2,a9417ce9
Round of 16,,Tue,2020-02-25,20:00,Chelsea,1.1,0–3,3.4,Bayern Munich,36761,Stamford Bridge,Clément Turpin,/en/matches/cb86e710/Chelsea-Bayern-Munich-February-25-2020-Champions-League,Leg 1 of 2,cb86e710
Round of 16,,Tue,2020-02-25,21:00,Napoli,0.7,1–1,1.6,Barcelona,44388,Stadio San Paolo,Felix Brych,/en/matches/b18968ba/Napoli-Barcelona-February-25-2020-Champions-League,Leg 1 of 2,b18968ba
Round of 16,,Wed,2020-02-26,21:00,Lyon,1.1,1–0,1.1,Juventus,57335,Groupama Stadium,Jesús Gil,/en/matches/e0381a25/Lyon-Juventus-February-26-2020-Champions-League,Leg 1 of 2,e0381a25
Round of 16,,Wed,2020-02-26,21:00,Real Madrid,1.2,1–2,3.2,Manchester City,75615,Estadio Santiago Bernabéu,Daniele Orsato,/en/matches/de4bd6e8/Real-Madrid-Manchester-City-February-26-2020-Champions-League,Leg 1 of 2,de4bd6e8
Round of 16,,Tue,2020-03-10,21:00,RB Leipzig,0.9,3–0,0.3,Tottenham,42146,Red Bull Arena,Carlos del Cerro,/en/matches/cff3e534/RB-Leipzig-Tottenham-Hotspur-March-10-2020-Champions-League,Leg 2 of 2; RB Leipzig won,cff3e534
Round of 16,,Tue,2020-03-10,21:00,Valencia,2.2,3–4,2.7,Atalanta,,Estadio de Mestalla,Ovidiu Hațegan,/en/matches/43ea56bb/Valencia-Atalanta-March-10-2020-Champions-League,Leg 2 of 2; Atalanta won,43ea56bb
Round of 16,,Wed,2020-03-11,20:00,Liverpool,3.4,2–3,1.1,Atlético Madrid,52267,Anfield,Danny Makkelie,/en/matches/d23fe9df/Liverpool-Atletico-Madrid-March-11-2020-Champions-League,Leg 2 of 2; Atlético Madrid won; Required Extra Time,d23fe9df
Round of 16,,Wed,2020-03-11,21:00,Paris S-G,1.2,2–0,0.5,Dortmund,,Parc des Princes,Anthony Taylor,/en/matches/3ec7f694/Paris-Saint-Germain-Dortmund-March-11-2020-Champions-League,Leg 2 of 2; Paris S-G won,3ec7f694
Round of 16,,Fri,2020-08-07,21:00,Juventus,2.6,2–1,1.0,Lyon,,Allianz Stadium,Felix Zwayer,/en/matches/f163b571/Juventus-Lyon-August-7-2020-Champions-League,Leg 2 of 2; Lyon won,f163b571
Round of 16,,Fri,2020-08-07,20:00,Manchester City,2.1,2–1,0.8,Real Madrid,,Etihad Stadium,Felix Brych,/en/matches/ec5fbed8/Manchester-City-Real-Madrid-August-7-2020-Champions-League,Leg 2 of 2; Manchester City won,ec5fbed8
Round of 16,,Sat,2020-08-08,21:00,Barcelona,1.1,3–1,2.2,Napoli,,Camp Nou,Cüneyt Çakιr,/en/matches/6e05adfc/Barcelona-Napoli-August-8-2020-Champions-League,Leg 2 of 2; Barcelona won,6e05adfc
Round of 16,,Sat,2020-08-08,21:00,Bayern Munich,2.9,4–1,1.0,Chelsea,,Allianz Arena,Ovidiu Hațegan,/en/matches/a3601739/Bayern-Munich-Chelsea-August-8-2020-Champions-League,Leg 2 of 2; Bayern Munich won,a3601739
Quarter-finals,,Wed,2020-08-12,21:00,Atalanta,0.5,1–2,2.8,Paris S-G,,Estádio do Sport Lisboa e Benfica (Neutral Site),Anthony Taylor,/en/matches/54ac00b6/Atalanta-Paris-Saint-Germain-August-12-2020-Champions-League,,54ac00b6
Quarter-finals,,Thu,2020-08-13,21:00,RB Leipzig,0.9,2–1,1.1,Atlético Madrid,,Estádio José Alvalade (Neutral Site),Szymon Marciniak,/en/matches/d26a9dc9/RB-Leipzig-Atletico-Madrid-August-13-2020-Champions-League,,d26a9dc9
Quarter-finals,,Fri,2020-08-14,20:00,Barcelona,1.1,2–8,5.3,Bayern Munich,,Estádio do Sport Lisboa e Benfica (Neutral Site),Damir Skomina,/en/matches/b76118ee/Barcelona-Bayern-Munich-August-14-2020-Champions-League,,b76118ee
Quarter-finals,,Sat,2020-08-15,20:00,Manchester City,2.5,1–3,1.0,Lyon,,Estádio José Alvalade (Neutral Site),Danny Makkelie,/en/matches/12f2677f/Manchester-City-Lyon-August-15-2020-Champions-League,,12f2677f
Semi-finals,,Tue,2020-08-18,20:00,RB Leipzig,1.0,0–3,3.2,Paris S-G,,Estádio do Sport Lisboa e Benfica (Neutral Site),Björn Kuipers,/en/matches/2e7e3a56/RB-Leipzig-Paris-Saint-Germain-August-18-2020-Champions-League,,2e7e3a56
Semi-finals,,Wed,2020-08-19,20:00,Lyon,1.8,0–3,3.2,Bayern Munich,,Estádio José Alvalade (Neutral Site),Antonio Matéu Lahoz,/en/matches/7f6c621f/Lyon-Bayern-Munich-August-19-2020-Champions-League,,7f6c621f
Final,,Sun,2020-08-23,20:00,Paris S-G,1.1,0–1,1.5,Bayern Munich,,Estádio do Sport Lisboa e Benfica (Neutral Site),Daniele Orsato,/en/matches/f3c64f12/Paris-Saint-Germain-Bayern-Munich-August-23-2020-Champions-League,,f3c64f12
